equipment_id,maintenance_events,total_cost
EQ-1014,2,1183.42
EQ-1018,2,1027.2
EQ-1015,1,593.85
EQ-1008,2,527.51
EQ-1024,1,431.21
EQ-1001,2,403.4
EQ-1023,2,352.96
EQ-1007,2,349.75
EQ-1002,2,348.75
EQ-1003,1,342.4
EQ-1010,1,243.96
EQ-1006,1,240.75
EQ-1021,1,235.4
EQ-1013,1,227.91
EQ-1020,2,128.26
EQ-1012,2,125.12
EQ-1022,1,123.05
EQ-1004,2,118.7
EQ-1016,2,117.49
EQ-1025,1,114.49
EQ-1009,1,110.21
EQ-1005,0,
EQ-1011,0,
EQ-1017,0,
EQ-1019,0,
